Name,Lyrics
จะเก็บเธออยู่ในใจเสมอ,และนี่คือเสียง เสียงเพลงที่มาจากใจ เธอจะอยู่ที่ไหน ขอจงได้รับรู้หากเธอมีทุกข์ ร้อนใดตอนที่ฉันไม่อยู่อยากให้เธอรู้ ว่ายังมี ฉันยืนอยู่ข้างเธอจะยืนอยู่ตรงนี้ จะรอเธอตรงนี้ เพื่อเธอคนเดียวไม่ว่าทางจะคดเคี้ยว ทางจะลดเลี้ยวเท่าไรจะนานสักเพียงไหน ยาวนานสักเพียงไหนจะนาน นานเท่าไหร่ยังคงเก็บเธอไว้ จะเก็บเธออยู่ในใจเสมออยู่ในใจเสมอ อยู่ในใจเสมออยู่ในใจเสมอ อยู่ในใจเสมอ
เจ้าหญิง,ในคืนที่ฟ้านี้มีแต่ความมืดของดาว รู้สึกเหน็บหนาวเมื่อไม่มีใครเคียงข้างกายอยากให้ท้องฟ้านี้ มีแต่ดาวอันพร่างพรายเติมชีวิตให้มีความหมาย ด้วยใจใครสักคนแล้วเธอก็เข้ามา เปลี่ยนหัวใจที่เคยอ่อนล้าให้มีหวังขอให้ค่ำคืนนี้มีแต่เรา อยู่เคียงใต้แสงดาว และมีความรักให้กันและกันให้เธอเป็นดังเจ้าหญิงในใจฉัน และจะมีเธอเท่านั้นเธอคือนางฟ้าที่เดินเข้ามากลางหัวใจ เติมความสดใสให้กับชีวิตที่มืดมนเปลี่ยนแปลงความรักที่มีแต่ความหมองหม่นเปลี่ยนชีวิตที่เคยสับสน ของคนที่ร้าวรานเพราะเธอได้เข้ามาเปลี่ยนหัวใจ ที่เคยอ่อนล้าให้มีหวังขอให้ค่ำคืนนี้มีแต่เรา อยู่เคียงใต้แสงดาว และมีความรักให้กันและกันให้เธอเป็นดังเจ้าหญิงในใจฉัน และจะมีเธอเท่านั้นที่มีค่า สูงเกินกว่า จะหาคำมาอธิบายขอให้ค่ำคืนนี้มีแต่เรา อยู่เคียงใต้แสงดาว และมีความรักให้กันและกันให้เธอเป็นดังเจ้าหญิงในใจฉัน และจะมีเธอเท่านั้นให้เธอเป็นดังเจ้าหญิงในใจฉันขอให้ค่ำคืนนี้มีแต่เรา อยู่เคียงใต้แสงดาว และมีความรักให้กันและกันให้เธอเป็นดังเจ้าหญิงในใจฉัน และจะมีเธอเท่านั้น
ฉันดีใจที่มีเธอ,ในโลกที่มี ความวกวนในโลกที่ทุกคนต้องดิ้นรนที่สับสน ร้อนรนจนใจ นั้นแสนเหนื่อยในโลกที่ความทุกข์ท้อใจได้เดินผ่านเข้ามาเรื่อยๆจนบางครั้งไม่รู้จะข้ามไปเช่นไรแต่ยิ่งชีวิต ยิ่งผ่าน ยิ่งได้พบ ยิ่งเจอกลับทำให้ฉันยิ่งคิด ในใจแน่ใจฉันดีใจทีมีเธอ ฉันดีใจที่เจอเธอเธอคือกำลังใจเดียวที่มี ไม่ว่านาทีไหนๆฉันดีใจที่มีเธอ แม้จะต้องพบ อะไรฉันก็รู้และฉันอุ่นใจว่าฉันนั้นจะมีเธออยู่ ตรงนี้ในอุปสรรค ที่มากมายในความหวาดหวั่น ที่วุ่นวายในอนาคต ในปัจจุบัน และอดีตในความเป็นจริงที่ต้องเจอที่ไม่เคยพ้นไปซักทียังไม่รู้พรุ่งนี้ต้องเจอกับเรื่องใดฉันดีใจที่มีเธอ ฉันดีใจที่เจอเธอ เธอคือกำลังใจเดียวที่มี ไม่ว่านาทีไหนๆฉันดีใจที่มีเธอ แม้จะไม่เหลือใครๆ ฉันก็รู้ และฉันอุ่นใจว่าฉันนั้นจะมีเธออยู่ตรงนี้ ฉันก็รู้ และฉันอุ่นใจว่าฉันนั้นจะมีเธออยู่กับฉัน
ผมแอบชอบคุณอยู่,ผมขอเวลาบอกความจริงที่ผมซ่อนไว้ข้างใน ขอให้คุณฟังจนจบเพลงได้หรือไม่ และหากฟังจบแล้ว และก็มีแต่คุณที่ชอบผมอยู่ เป็นสิ่งเดียวในโลกที่อยากจะให้คุณรู้ ตั้งแต่พบกัน ไม่ต้องกังวล และอย่าเพิ่งสับสน กับสิ่งที่ผมพูดออกไป ผมขอเวลา ช่วยฟังจนจบเพลงได้หรือไม่ คือผมแอบชอบคุณอยู่ และก็มีแต่คุณที่ผมชอบอยู่ เป็นสิ่งเดียวในโลกที่อยาก จะให้คุณรู้ ตั้งแต่พบกัน ผมชอบคุณอยู่ และก็มีแต่คุณที่ทำให้ผมไหวหวั่น ไม่ได้มีอะไรมากกว่านั้น นอกจากชอบคุณ และผมจะไม่ขอ และผมจะไม่ถาม จะไม่ทำให้คุณวุ่นวาย และขอสัญญาว่าจะพูดเป็นครั้งสุดท้าย
หัวใจผูกกัน,วันเวลาดี ๆ เหล่านั้น เธอยังคงจำมันได้ไหมวันที่เคยร่วมทุกข์และสุขจนล้นหัวใจวันที่เราได้ผ่านมาด้วยกันแต่ว่าเวลาที่ผ่านพ้นไปอาจจะทำให้ใจของใครลืมสิ่งนั้นอยากจะมีเพลง เพลงนึงถ่ายทอดเรื่องราวเป็นพัน ๆ ให้เธอรู้ให้ทุก ๆ ครั้งที่ได้ฟังเพลงนี้ก็ขอให้รู้ ที่แห่งนี้นั้นยังมีรักอยู่เคยเป็นยังไงในตอนนี้ขอให้รู้จะไม่มีเปลี่ยนไปและทุก ๆ ครั้งที่ได้ฟังเพลงนี้ก็ขอให้รู้ที่ตรงนี้ไม่ว่าจะนาน เท่าไหร่เราจะมีกันและกัน เป็นหนึ่งในดวงใจตลอดไปก็เพราะหัวใจเราผูกกันวันที่เราไม่เคย ย่อท้อ วันที่เราต่างมีความฝันและทำทุก ๆ สิ่งด้วยหัวใจเดียวกันเธอยังคงจำมันได้ใช่ไหมแต่ว่าเวลาที่ผ่านพ้นไปอาจจะทำให้ใจของใครลืมสิ่งนี้อยากจะมีเพลงเพลงนึงตอบเรื่องราวที่ดีดีเตือนให้รู้ให้ทุก ๆ ครั้งที่ได้ฟังเพลงนี้ก็ขอให้รู้ ที่แห่งนี้นั้นยังมีรักอยู่เคยเป็นยังไงในตอนนี้ขอให้รู้ว่าจะไม่มีเปลี่ยนไปและทุก ๆ ครั้งที่ได้ฟังเพลงนี้ก็ขอให้รู้ที่ตรงนี้ไม่ว่าจะนาน เท่าไหร่เราจะมีกันและกัน เป็นหนึ่งในดวงใจตลอดไปก็เพราะหัวใจเราผูกกันให้ทุก ๆ ครั้งที่ได้ฟังเพลงนี้ก็ขอให้รู้ ที่แห่งนี้นั้นยังมีรักอยู่เคยเป็นยังไงในตอนนี้ขอให้รู้ว่าจะไม่มีเปลี่ยนไปและทุก ๆ ครั้งที่ได้ฟังเพลงนี้ก็ขอให้รู้ที่ตรงนี้ไม่ว่าจะนาน เท่าไหร่เราจะมีกันและกัน เป็นหนึ่งในดวงใจตลอดไปก็เพราะหัวใจเราผูกกันเราจะมีกันและกัน เป็นหนึ่งในดวงใจตลอดไปก็เพราะหัวใจเราผูกกัน
ห่างไกลเหลือเกิน,เวลามองขึ้นไปบนฟ้า ฉันนั้นเห็นแต่ภาพเธอ อยู่ไกลกันจนสุดสายตารอคอยวันที่จะกลับมาหา ถึงแม้ มันจะแสนนาน แสนนานแค่ไหนอยากจะขอให้ได้พบ แค่เพียงขอให้ได้พบ อยากจะรู้ว่าเธอเองเป็นเช่นไร เธอจะคิดถึงฉันหรือเปล่า เธอจะเหงาบ้างหรือเปล่า จะรู้สึกแตกต่างกับฉันบ้างไหม เพราะว่าเราห่าง ไกลกันเหลือเกิน คิดถึงแต่เธอนั้น เฝ้าแต่นับให้ถึงวันที่เรานั้นได้พบกัน เราช่างห่าง ไกลกันเหลือเกิน ฉันเองก็ไม่รู้ เมื่อไรจะได้พบเธอ เวลามองขึ้นไปบนฟ้า ฉันนั้นได้แต่ถอนใจ น้ำตาก็ไหลซึมออกมา เราไกลกันอยู่คนละฟากฟ้า ไม่รู้จะอีกนานไหม และฉันเองก็จะคอย อยากจะขอให้ได้พบ แค่เพียงขอให้ได้พบ อยากจะรู้ว่าเธอเองเป็นเช่นไร เธอจะคิดถึงฉันหรือเปล่า เธอจะเหงาบ้างหรือเปล่า จะรู้สึกแตกต่างกับฉันบ้างไหม เพราะว่าเราห่าง ไกลกันเหลือเกิน คิดถึงแต่เธอนั้น เฝ้าแต่นับให้ถึงวันที่เรานั้นได้พบกัน เราช่างห่าง ไกลกันเหลือเกิน ฉันเองก็ไม่รู้ เมื่อไรจะได้พบธอ กลัววันเวลา พาหัวใจเธอเปลี่ยนจากฉันไปอยากจะพบให้ใกล้ๆ ให้ตัวฉันได้มั่นใจ ว่าทุกสิ่งจะไม่เปลี่ยนไปจากนี้ เพราะว่าเราห่าง ไกลกันเหลือเกิน คิดถึงแต่เธอนั้น เฝ้าแต่นับให้ถึงวันที่เรานั้นได้พบกัน เราช่างห่าง ไกลกันเหลือเกิน ฉันเองก็ไม่รู้ เมื่อไรจะได้พบเธอ เพราะว่าเราห่าง ไกลกันเหลือเกิน คิดถึงแต่เธอนั้น เฝ้าแต่นับให้ถึงวันที่เรานั้นได้พบกัน เราช่างห่าง ไกลกันเหลือเกิน ฉันเองก็ไม่รู้ เมื่อไรจะได้พบเธอ
เหมือนเคย,ยิ้มที่ดูสดใส กับหัวใจที่อ่อนหวานท่าทางเธอแบบนั้น ดูเท่าไรไม่เคยเบื่อ แม้เวลาจะพ้นไป นานสักเท่าไร เธอยังคงสดใสได้อย่างเหลือเชื่อ เสียงหัวเราะในวันนั้น ฉันยังจำถึงวันนี้ นึกทีไรรู้สึกดี และดีทุกๆ เมื่อ แม้เวลาจะพ้นไป นานสักเท่าไร ไม่เคยมีวันไหนที่ฉันจะเบื่อเลย ต่อให้โลกจะหมุนสักเท่าไร เธอยังคงสดใสอ่อนหวานเหมือนเคย ต่อให้ใครจะสวยเท่าไร รู้ไหมว่าฉันเฉยๆ ก็เพราะว่าเธอน่ารักทุกๆ วัน จนไม่อาจเปลี่ยนใจฉันที่มีให้เธอได้เลย ฉันก็คงต้องบอก ฉันรักเธอ เหมือนเคย ทุกอย่างช่างดูเหมือนฝัน ตั้งแต่เราได้พบกัน เธอเติมให้ฉันเต็มโดยไม่ต้องเอ่ย แม้เวลาจะพ้นไป นานสักเท่าไร ไม่เคยมีวันไหนที่ฉันจะเบื่อเลย ต่อให้โลกจะหมุนสักเท่าไร เธอยังคงสดใสอ่อนหวานเหมือนเคย ต่อให้ใครจะสวยเท่าไร รู้ไหมว่าฉันเฉยๆ ก็เพราะว่าเธอน่ารักทุกๆ วัน จนไม่อาจเปลี่ยนใจฉันที่มีให้เธอได้เลย ฉันก็คงต้องบอก ฉันรักเธอ เหมือนเคย ก็เพราะว่าเธอน่ารักทุกๆ วัน จนไม่อาจเปลี่ยนใจฉันที่มีให้เธอได้เลย ฉันก็คงต้องบอก ฉันรักเธอ เหมือนเคย ต่อให้โลกจะหมุนสักเท่าไร เธอยังคงสดใสอ่อนหวานเหมือนเคย ต่อให้ใครจะสวยแค่ไหน รู้ไหมสำหรับฉันนั้นยังเฉยๆ ก็เพราะว่าเธอน่ารักขึ้นทุกวัน จนไม่อาจเปลี่ยนใจฉันที่มีให้เธอได้เลย ฉันก็คงต้องบอก ฉันรักเธอ เหมือนเคย
คนข้างล่าง,ฉันควรทำอย่างไร กับรักที่ไม่มีทางอยากรู้ว่าจะมีใครไหม ที่มีความรักแล้วต้องเก็บเอาไว้ และเมื่อได้พบทีไร ถึงแม้ดีใจ ก็ต้องฝืนทำตัวเหินห่าง ทั้งที่หัวใจอยากบอก แต่ก็ดูเหมือนมีอะไรมาขวาง จะต้องทำอย่างไร กับรักที่ แม้จะรักเธอเท่าไหร่ ฉันก็ต้องคอยบังคับใจฉันให้เหินห่าง ทั้งที่ใจตัวเอง อยากระบายให้เธอรู้บ้าง และเธอสูงเกินจะใฝ่ เธอคงจะไม่สนใจในคนข้างล่าง ที่เขาเฝ้ามองอยู่ ถึงแม้ไม่มีความหวัง อยากรู้ว่าจะมีใครไหม ที่มีความรักแล้วต้องเก็บเอาไว้ และเมื่อได้พบทีไร ถึงแม้ดีใจ ก็ต้องฝืนทำตัวเหินห่าง ทั้งที่หัวใจอยากบอก แต่ก็ดูเหมือนมีอะไรมาขวาง จะต้องทำอย่างไร กับรักที่ แม้จะรักเธอเท่าไหร่ ฉันก็ต้องคอยบังคับใจฉันให้เหินห่าง ทั้งที่ใจตัวเอง อยากระบายให้เธอรู้บ้าง และเธอสูงเกินจะใฝ่ เธอคงจะไม่สนใจในคนข้างล่าง ที่เขาเฝ้ามองอยู่ ถึงแม้ไม่มีความหวัง จะต้องทำอย่างไร กับรักที่ไม่มีหนทาง แม้จะรักเธอเท่าไหร่ ฉันก็ต้องคอยบังคับใจฉันให้เหินห่างทั้งที่ใจตัวเอง อยากระบายให้เธอรู้บ้าง และเธอสูงเกินจะใฝ่ เธอคงจะไม่สนใจในคนข้างล่าง ที่เขาเฝ้ามองอยู่ ถึงแม้ไม่มีความหวัง และเธอสูงเกินจะใฝ่ เธอคงจะไม่สนใจในคนข้างล่าง ที่เขาเฝ้ามองอยู่ ถึงแม้ไม่มีความหวัง ก็ได้แค่มองดู เพราะเขาทำได้เท่านั้น
ลูกอม,ในคืนที่ฟ้านั้นเต็มไปด้วยแสงไฟ เราโอบกอดกันและมองไปบนฟ้าไกล สุดหัวใจ สุดสายตา มีแต่เรา ดวงจันทร์ล่องลอยและมอบความรักให้กันขอบคุณวันนี้ที่คอยดูแลรักฉัน จากหัวใจ จากนี้ไป มีแต่เธอ ฉันไม่รู้ว่าวันพรุ่งนี้ ดวงดาวจะหายไปไหน ฉันไม่รู้ว่าวันพรุ่งนี้ท้องฟ้าจะเป็นเช่นไร แต่ฉันก็รู้หัวใจของฉัน จะมีเพียงเธอ รักเพียงแต่เธอ โอบกอดเธอด้วยรัก รักที่ห่วงใย ใจฉันให้เธอ มันเป็นของเธอรู้ไหม ทุกคำมันกลั่นออกมาจากหัวใจ เราจะลอยข้ามฟ้า ท่ามกลางหมู่ดาว จะไม่มีความเหงา เข้ามากล้ำกลาย เพลงนี้เพื่อเธอ มันเป็นของเธอรู้ไหม สัญญาจะดูแลเธอจากนี้ ตลอดไป แม้มีบางครั้งฉันทำให้เธอเสียใจ แต่ทุก ๆ ครั้งเธอพร้อมจะมองข้ามไป เธอเข้าใจ ให้อภัย คนอย่างฉัน ต่อให้โลกสลาย หายไปกับตา ต่อให้ดาวบนฟ้า ลบเลือนห่างไกล ใจฉันให้เธอ มันเป็นของเธอรู้ไหม ทุกคำมันกลั่นออกมาจากหัวใจ เราจะลอยข้ามฟ้า ท่ามกลางหมู่ดาว จะไม่มีความเหงา เข้ามากล้ำกลาย เพลงนี้เพื่อเธอ มันเป็นของเธอรู้ไหม สัญญาจะดูแลเธอจากนี้ ตลอดไป
ร่มสีเทา,ฉันเฝ้าถามความสุขอยู่ที่ไหน ชายที่เขาเดินผ่านฉันเข้ามา บอกกับฉันขอร่มสักคัน แต่ว่าที่มือเขาก็มีหนึ่งคัน ก็แปลกใจ ท่ามกลางหยดฝนโปรยปราย เขาก็ถามฉันว่าอยากสุขไหม ลองหุบร่มในมือสักพักหนึ่ง และเงยหน้ามองวันเวลา มองหยดน้ำที่มันกระทบตา ยังเปียกอยู่ใช่ไหม หรือไม่มีฝน บนท้องฟ้าไม่มีอะไรแน่นอน ถ้ามองจากตรงนี้ เดี๋ยวก็มืดแล้วก็สว่าง อาจจะมีฝนก่อเป็นพายุ หรือลมลอยปลิวอยู่แค่นั้น สุขที่เคยเดินทางตามหามานาน ไม่ได้ไกลที่ไหน อยู่แค่นี้เอง ยิ้มฉันยิ้มมากกว่าทุกครั้ง สุขที่ฉันตามหามาแสนนาน อยู่ตรงนี้แค่เพียงเข้าใจ อย่าไปยึดถือมันและกอดไว้ ก็แค่ร่มเท่านั้น เท่านั้น บนท้องฟ้าไม่มีอะไรแน่นอน ถ้ามองจากตรงนี้ เดี๋ยวก็มืดแล้วก็สว่าง อาจจะมีฝนก่อเป็นพายุ หรือลมลอยปลิวอยู่แค่นั้น สุขที่เคยเดินทางตามหามานาน ไม่ได้ไกลที่ไหน อยู่แค่นี้เอง ฉันเห็นเธอถือร่มผ่านมา เต็มไปด้วยร่องรอยและคราบน้ำตา ฉันได้เห็นแล้วมันปวดใจ ไม่ใช่เพียงแค่เธอที่ทุกข์ ฉันก็เป็นเหมือนเธอ เธอได้ยินไหม อยากขอให้เธอลองโยนร่มที่ถือเอาไว้หนัก โยนมันออกไป บนท้องฟ้าไม่มีอะไรแน่นอน ถ้ามองจากตรงนี้ เดี๋ยวก็มืดแล้วก็สว่าง อาจจะมีฝนก่อเป็นพายุ หรือลมลอยปลิวอยู่แค่นั้น สุขที่เคยเดินทางตามหามานานไม่ได้ไกลที่ไหน อย่าไปยึด อย่าไปถือ อย่าไปเอามากอดไว้ ก็จะไม่เสียใจ ตลอดชีวิต ต้องผ่านการเปลี่ยนแปลง ไม่ว่าใคร จะทุกข์ จะสุขแค่ไหน ก็อยู่ที่จะมอง
ไม่เปลี่ยนเลย,ฉันคือคนเดียวบนโลกรึเปล่าที่ไม่ขอพรดาวบนฟ้า เพราะไม่เหลือเรื่องให้ปรารถนา แค่ฉันตื่นมาแล้วได้พบเธอ ทุกๆเช้าข้างกันเสมอ นอนก่ายขาเธอในตอนสาย ก็เหมือนฝันที่กลายเป็นจริงแล้ว โชคดีเหลือเกิน ที่เราได้เจอกัน โชคดีที่เธอ ยังยอมอยู่ข้างฉัน ไหนใครว่าเวลาเปลี่ยนไป หัวใจใครๆมักเปลี่ยนแปลง โชคดีเหลือเกิน ที่เรายังมีกัน ทุกช่วงเวลา เธอยังอยู่ข้างฉัน ไหนว่าผู้คนมักเปลี่ยนไป โชคดีที่หัวใจ ของเราไม่เคยเปลี่ยนเลย เราผ่านอะไรกันตั้งมากมาย เจอมาทั้งเรื่องดีเรื่องร้าย ก็ยังรักกันมาจนวันนี้ ทุกวินาทีต่อจากนี้ไป จนวันสุดท้ายของลมหายใจ ฉันนั้นก็ไม่กลัวอะไร ตราบที่ฉันและเธอไม่ปล่อยมือ โชคดีเหลือเกิน ที่เราได้เจอกัน โชคดีที่เธอ ยังยอมอยู่ข้างฉัน ไหนใครว่าเวลาเปลี่ยนไป หัวใจใครๆมักเปลี่ยนแปลง โชคดีเหลือเกิน ที่เรายังมีกัน ทุกช่วงเวลา เธอยังอยู่ข้างฉัน ไหนว่าผู้คนมักเปลี่ยนไป โชคดีที่หัวใจ ของเราไม่เคยเปลี่ยนเลย โชคดีเหลือเกิน ที่เราได้เจอกัน โชคดีที่เธอ ยังยอมอยู่ข้างฉัน ไหนใครว่าเวลาเปลี่ยนไป หัวใจใครๆมักเปลี่ยนแปลงโชคดีเหลือเกิน ที่เรายังมีกัน ทุกช่วงเวลา เธอยังอยู่ข้างฉัน ไหนว่าผู้คนมักเปลี่ยนไป โชคดีที่หัวใจ ของเราไม่เคยเปลี่ยนเลย
ดาวหางฮัลเลย์,จากวันนั้นฉันก็มองโลกไม่เหมือนเดิม สิ่งที่สวยงามในชีวิตพบเจอ คงไม่เหลือคุณค่าอีกแล้ว ถูกมาแทนด้วยดวงตาคู่นั้นของเธอ ปฏิทินจากนี้มีไว้เพื่อนับวัน นาฬิกามีไว้เฝ้าคอยนับนาที ของชีวิตฉันนับต่อจากนี้ ที่จะมีไว้เพื่อเธอเท่านั้น ขออยู่ในชีวิตที่เหลือของเธอได้ไหม อยากลืมตาแล้วได้พบเธอจนวันสุดท้าย อยากเป็นคนที่ได้นอนดูดาวข้างเธออีกหมื่นวัน และเอนไปจุมพิตเธอซักล้านครั้ง อยู่กับฉันไปนานๆ นะเธอ ยังมีเพลงรักเป็นพันบทเพลงรอแชร์ให้เธอได้ฟัง ยังมีอีกหลายทริปที่เรานั้นยังต้องไปเที่ยวด้วยกัน ไม่รวมอีกเรื่องที่ยังสำคัญ ลูกเราที่สักวันจะเกิดมา ด้วยพันธสัญญาความรักของเรา และมีดาวหางดวงนึงที่ยังโคจรในอวกาศ ในช่วงชีวิตจะมีหนึ่งครั้งที่มองเห็นได้ด้วยตา ดาวที่ฉันยังไม่เคยเห็นมาก่อน ขอให้ถึงวันนั้น ได้มีเธอรอดูมันด้วยกันกับฉัน
โกหก,ทุกถ้อยคำ พูดจา อ่อนหวาน ช่างเย้ายวนใจ อ่อนไหว คำหวาน ให้เราหลงใหล ปักใจ อยู่นาน ถ้อยคำที่ใช้ เมื่อใจต้องการ ทุกเวลา ต้องการ สิ่งไหน อยากใช้รีบมา ที่รัก ได้ไหม ก็ยอมทั้งนั้น ต้องการ อะไรก็จากวันนั้น ไม่เคย ใส่ใจ บอกว่ารักรักรักฉันโกหกทั้งนั้น วันนี้ทุกอย่างฉันรู้ ทันเธอ กลับเอาถ้อยคำทำร้ายใจ ครั้งนี้ฉันรู้ตัวเกือบจะสาย ความหมายที่เธอว่ารัก เป็นเพียงแค่การหลอกใช้กัน ฉันจะทนไม่ไหวแล้ว ฉันรักเธอ กว่าใคร ผ่านมา ก็แค่หัวใจ ที่ฉัน ใฝ่หา แต่เธอรู้ไหม ไม่เคย กลับมา และคำสุดท้าย คือคำบอกลา บอกว่ารัก รักรักฉันโกหกทั้งนั้น วันนี้ทุกอย่างฉันรู้ ทันเธอ กลับเอาถ้อยคำทำร้ายใจ ครั้งนี้ฉันรู้ตัวเกือบจะสาย ความหมายที่เธอว่ารัก เป็นเพียงแค่การหลอกใช้กัน ฉันจะทนไม่ไหวแล้ว ฉันรักเธอ กว่าใคร ผ่านมา ก็แค่หัวใจ ที่ฉัน ใฝ่หา แต่เธอรู้ไหม ไม่เคย กลับมา และคำสุดท้าย คือคำบอกลา บอกว่ารัก รักรักฉันโกหกทั้งนั้น วันนี้ทุกอย่างฉันรู้ ทันเธอ กลับเอาถ้อยคำทำร้ายใจ ครั้งนี้ฉันรู้ตัวเกือบจะสาย ความหมายที่เธอว่ารัก เป็นเพียงแค่การหลอกใช้กัน คำว่ารักกัน เธอกลับมาทำร้ายฉัน คำว่ารักกัน เธอกลับเอาคำนั้นทิ่มแทงหัวใจ
เผลอไป,ดึกแล้วเราก็ยังไม่กลับ นอนเราก็นอนไม่หลับ เกือบจะเวลาเช้า ในคืนที่เหน็บหนาว คุยกันถึงเรื่องเก่าๆ วันที่เราไม่เหลือใคร เย็นมือคล้ายๆ มันสั่น มองเธอแล้วใจยังหวั่น กอดสักทีได้ไหม แต่ก็ข่มใจไว้ ความจริงฉันคงไม่กล้า ปล่อยให้มันผ่านพ้นไป และช่วงเวลา ไม่รู้อะไร ที่มากดดันให้ฉันได้เฉลยในใจ ไม่กล้าจะเอ่ย ให้ฉันได้พูดไปอย่างนั้น ว่าฉันนั้นรักเธอ ก็ปากมันเผลอไป ในเวลาที่สองเราอ่อนไหว ได้ตัดสินใจพูดคำว่ารัก และฉันไม่รู้ตัว ได้แต่ยอมรับมัน เก็บคำบางคำซ่อนไว้ว่าใจฉันนั้นรักเธอ ฉันเผลอออกไป ต่อให้มองเธอเท่าไรไม่เบื่อ คุยกันเหมือนเราเป็นเพื่อน กอดสักทีได้ไหม แต่ต้องข่มใจไว้ เอาจริงๆ ฉันคงไม่กล้า ปล่อยให้มันผ่านพ้นไป
ฟ้า,คิดอยู่ ว่าต้องทนไหว จะทุกข์จะทนเท่าไร ความรักจะพาหัวใจไป คิดเอง ว่าต้องทนไหว แต่ยิ่งทุกข์ยิ่งทนเท่าไร ความรักที่มียิ่งหายไป จะโทษดิน จะโทษน้ำ จะโทษเดือนและดาว กับเรื่องราว ที่ปวดร้าว ที่เธอมาทำแล้วหนีไป ฟ้า ถ้าไม่ส่งมา ให้เธอมีใจ บอกกันสักคำเป็นไร ว่าเหตุใดต้องมาทำร้ายกัน จากนี้ เรื่องราวที่มี ก็ให้ลืมมันไป อย่าจำว่าเคยเป็นใคร ว่ามีใครที่เคยทำร้าย คนอย่างฉัน ทุกวัน จวบจนวันนี้ ชีวิตที่เราต้องมี จากนี้ต้องทำตัวเช่นไร น้ำตา ที่ยังรินไหล จากความรักที่มีทั้งใจ สุดท้ายเขานั้นหายไป ฟ้า ถ้าไม่ส่งมา ให้เธอมีใจ บอกกันสักคำเป็นไร ว่าเหตุใดต้องมาทำร้ายกัน จากนี้ เรื่องราวที่มี ก็ให้ลืมมันไป อย่าจำว่าเคยเป็นใคร ว่ามีใครที่เคยทำร้าย จบกันซักที จบกันแค่นี้ ไม่มีใคร มีแต่ฟ้า ที่มองมา เห็นน้ำตา จากนี้ไป โปรดเถิดฟ้า ถ้าไม่ส่งมา ให้เธอมีใจ ก็บอกกันได้ไหม เหตุใดต้องมาทำร้ายกัน จากนี้ เรื่องราวที่มี ก็ให้ลืมมันไป อย่าจำได้ไหม ว่ามีใครที่เคยทำร้าย ว่ามีใครที่มาทำร้าย คนอย่างฉัน
รักแรกพบ,มีจริงหรือ รักแรกพบเพียงสบตาแค่หนึ่งครั้ง แค่แรกเห็นเดินผ่านมาไม่พูดจา ไม่ทักไม่ทาย ไม่รู้ว่าใคร เหตุใดจึงรักกัน ไม่มีทาง เรื่องเพ้อฝันความผูกพันอย่างง่ายดาย รักแรกพบมีอยู่จริงในนิยาย หนังสือนิทาน เพลงรักแสนหวาน กับความฝัน แต่วันหนึ่งฉันผ่านมาพบเธอตรงนั้น ดวงใจ เป็นเดือดเป็นร้อนช่างทรมาน ราวกับโดนมนตร์แม่มดสะกดพลัน นาทีนั้น ฉันรักเธอทันใด รักแรกพบแท้จริงเป็นอย่างไร เพราะเธอใช่หรือไม่ เปิดใจใครที่ฉันเป็น จากวันนั้น หัวใจรู้สึกเอง ชัดเจนว่าทุกสิ่ง เกิดขึ้นจริงใช่ฝันไป ได้พบจึงเข้าใจ มีอยู่จริง มีเหตุผล กว่าจะรักใครสักคนไม่ง่ายดาย เรื่องลึกซึ้งความอ่อนบางของหัวใจ ว่าเขาเป็นใคร มาถึงเมื่อไร ไม่มีทางจะเข้าใจมันได้เลย สุดท้ายก็เข้าใจ มีอยู่จริง
การเดินทางที่สวยงาม,หยิบกุญแจขึ้นมา เตรียมตัวออกเดินทาง ไปกับรถคันเดิมคันโปรดเดินขึ้นมาก่อนใคร บนจุดหมายแสนไกล ไม่เคยกลัวอะไร และสิ่งสุดท้ายที่ขาดไม่ได้นั่นคือเธอคนนี้ เปรียบเธอดั่งมนต์วิเศษ เธอทำให้โลกของฉันหมุนไป เธอเปลี่ยนให้ฉันได้เห็นภาพใหม่ ที่ไม่มีใครได้เห็น การเดินทางครั้งนี้จะสวยงาม ขอเพียงเธอจับมือกับฉันไป การเดินทางครั้งนี้จะสดใส แค่เพียงเธอเดินไปกับฉัน การเดินทางครั้งนี้จะงดงาม ขอเพียงเธอนั่งไปกับฉัน จะไกลแค่ไหนหรืออันตราย แค่มีเธอข้างๆ กายจะไปเสมอ บนจุดหมายแสนไกล ไม่เคยกลัวอะไร ขอเพียงโลกนี้ มีแค่เพียงเธอ นั่งอยู่ข้างๆ ฉันไป เพราะเธอเป็นดั่งมนต์วิเศษ เธอทำให้โลกของฉันหมุนไป เธอเปลี่ยนให้ฉันได้เห็นภาพใหม่ ที่ไม่มีใครได้เห็น การเดินทางครั้งนี้จะสวยงาม ขอเพียงเธอจับมือกับฉันไป การเดินทางครั้งนี้จะสดใส แค่เพียงเธอเดินไปกับฉัน การเดินทางครั้งนี้จะงดงาม ขอเพียงเธอนั่งไปกับฉัน จะไกลแค่ไหนหรืออันตราย แค่มีเธอข้างๆ กายจะไปเสมอ จะไกลแค่ไหนหรืออันตราย แค่มีเธอข้างๆ กายจะไปเสมอ
ก้าวก่าย,ออกมาแล้ว ก็จบไปแล้ว โดยไม่ได้อยากจะสงสัย เธอเป็นยังไงไม่มีสิทธิ์ถาม ตัดไปแล้ว จบจริง ๆ แล้วครั้งนี้ นานมาแล้ว ก็ผ่านไปแล้ว แต่ในใจก็ดูจะยังลืมเธอให้จริงไม่ได้สักที อยู่ลำพัง แต่ตอนนี้เธอมีเขาอยู่ ฉันพยายามเปิดตัวเองให้หัวใจ ได้ลองรักใครใหม่ แบบที่เธอรักเขา ยิ่งอยากจะลืมเท่าไร ก็ยังมีแค่สองเรา อยากจะไปแต่ไปไม่ได้ ใจที่มันเดียวดาย รักแค่เพียงแต่เธอ อยากจะไปแต่ยังพร่ำเพ้อ ทรมานแม้เธอรักเขาแล้วหมดใจ อยากจะไปก็ไปไม่ได้ ใจก็ยังก้าวก่าย แม้ไม่ได้มีสิทธิ์จะรั้งเธอเอาไว้ อยากรักตัวเองให้ได้อย่างที่รักเธอ ก้าวออกมา เดินออกมา อย่าลองต่อรองกับเวลา ถ้าอยากไขว่คว้าที่จะหลุดพ้น แหลกและเหลว ดูไม่เหมือนใจของคน ฉันพยายามเปิดตัวเองให้หัวใจ ได้ลองรักใครใหม่ แบบที่เธอรักเขา ยิ่งอยากจะลืมเท่าไร ก็ยังมีแค่สองเรา อยากจะไปแต่ไปไม่ได้ ใจที่มันเดียวดาย รักแค่เพียงแต่เธอ อยากจะไปแต่ยังพร่ำเพ้อ ทรมานแม้เธอรักเขาแล้วหมดใจ อยากจะไปก็ไปไม่ได้ ใจก็ยังก้าวก่าย แม้ไม่ได้มีสิทธิ์จะรั้งเธอเอาไว้ อยากรักตัวเองให้ได้อย่างที่รักเธอ สุดทางยังยื้อไว้ บอกเป็นนัย ๆ ว่ายังรักให้รู้ ต้องเฝ้าดู แม้เขาอยู่ใช่ไหม อยากจะไปแต่ไปไม่ได้ ใจที่มันเดียวดาย รักแค่เพียงแต่เธอ อยากจะไปแต่ยังพร่ำเพ้อ ทรมานแม้เธอรักเขาแล้วหมดใจ อยากจะไปก็ไปไม่ได้ ใจก็ยังก้าวก่าย แม้ไม่ได้มีสิทธิ์จะรั้งเธอเอาไว้ ไม่ขออะไรให้วุ่นวาย อยากรักตัวเองให้ได้อย่างที่รักเธอ อยากจะไปแต่ไปไม่ได้ ใจที่มันเดียวดาย รักแค่เพียงแต่เธอ อยากจะไปแต่ยังพร่ำเพ้อ ทรมานแม้เธอรักเขาแล้วหมดใจ อยากจะไปก็ไปไม่ได้ ใจก็ยังก้าวก่าย แม้ไม่ได้มีสิทธิ์จะรั้งเธอเอาไว้ ไม่ขออะไรให้วุ่นวาย อยากรักตัวเองให้ได้อย่างที่รักเธอ
โคตรพิเศษ,ไม่เคยมีใครเลย ทำฉันเป็นได้อย่างนี้ วันคืนที่น่าเบื่อ มีชีวิตขึ้นทันที แค่มีเธอเข้ามา แค่นี้ก็รู้ว่า เธอคือพรุ่งนี้ที่ฉันรอ แววตาที่เธอมอง ทำหัวใจฉันสั่นไหว แค่คำธรรมดาทำฉันเพ้อลอยหลุดไป ทุกครั้งที่ต้องลา ทำใจฉันวุ่นวาย ให้ถึงพรุ่งนี้เลยได้ไหม ฝืนฉันฝืนไม่ได้แล้ว ไม่รู้ว่าถ้าฉันคิดไปเกินกว่านี้จะผิดไหม ยอมฉันยอมแพ้เธอไปแล้วไง ก็ยอมรับว่าใจมันมีเพียงแค่เธอ อยากสารภาพอยู่นะ แต่ต้องพูดว่าอะไร ฉันก็ไม่รู้ว่าใช่หรือเปล่า ใช่หรือเปล่า อาการแบบนี้ มันแปลว่าอะไร คงไม่จำเป็นที่เราต้องเข้าใจ รู้แค่เพียงมันโคตรพิเศษเลย ฉันเลือกที่จะเก็บแทนที่จะพูดออกไป ฉันเลือกที่จะปิด ดีกว่าเห็นเธอเปลี่ยนไป ความจริงที่ซ่อนอยู่ รู้ไหมยากเท่าไหร่ ที่ต้องเก็บไว้แค่คนเดียว
ดอกไม้ที่รอฝน,จำได้ไหมดอกไม้ดอกนั้นที่ฉันปลูกมันกับเธอ เมื่อวันที่เราอยู่ข้างกันฉันดูแลอยู่อย่างดีในทุกวัน แต่มันจะสวยเป็นพิเศษ เมื่อตอนที่ฝนพรำ จำได้ไหมอะไรที่เราชอบทำด้วยกันเมื่อวันเธออยู่กับฉันฉันยังทำแบบเดิมในทุกวัน แต่มันไม่เห็นมีความสุข เมื่อเราต้องไกลกัน ฝันฉันก็ซ้ำๆ ทุกวันมีเพียง ภาพเธอในนั้นได้แค่รอและรอวันที่ดอกไม้จะบานอีกครั้งมีคนคิดถึงเธอแล้วเธอรู้สึกได้หรือเปล่าคนที่คิดถึงเธอนั่งมองฟ้าและคิดถึงวันเก่ากี่ราตรีที่เลยผ่านแต่ละคืนช่างยาวนาน ทุกนาทีมันนาน ดั่งชั่วนิรันดร์มีคนคิดถึงเธอเขามีแค่เธอยามตื่นและฝัน ทรมานเหลือเกิน เมื่อไรจะวันนั้นวันที่เธอจะกลับมา วันที่ได้อยู่ข้างกันดอกไม้ที่รอฝน ก็เหมือนคนทางนี้ที่รอเธอ ก็เป็นแบบเดิมในทุกเช้า ใช้ชีวิตอีกวันและอีกวันไปด้วยความเหงา คิดยังคิดแค่เพียงแต่เรื่องเราแต่ไม่รู้ว่าเธอจะเป็นบ้างหรือเปล่าอยู่ที่ไหนก็แค่ในบางเวลาที่ฉันได้กลิ่นดอกไม้สมองมันยังเข้าใจว่าเธอยืนอยู่ทางซ้ายจิตใต้สำนึกบอกว่าเธอไม่ไปไหนฉันทรมานแบบที่เธอไม่เคยรู้ฝันฉันก็ซ้ำๆ ทุกวันมีเพียง ภาพเธอในนั้นได้แค่รอและรอวันที่ดอกไม้จะบานอีกครั้งมีคนคิดถึงเธอแล้วเธอรู้สึกได้หรือเปล่าคนที่คิดถึงเธอนั่งมองฟ้าและคิดถึงวันเก่า
เธอทั้งนั้น ,รู้ไหมว่ามันดียังไง และรู้ไหมว่าสุขใจเพียงใดรู้ไหมว่าชีวิตเก่าๆ ของฉันนั้นเปลี่ยนไปเท่าไหร่รู้ไหมว่าก่อนจะเจอเธอ รู้ไหมฉันเคยเป็นยังไงรู้ไหมการที่ได้เจอเธอ นั้นช่างยิ่งใหญ่สักเท่าไหร่เธอ เธอทั้งนั้นที่ทำ ให้ช่วงชีวิตของฉันน่าจดจำจนฉันได้เจอเธอโลกที่เคยมองดูซึมเซา โลกที่มีแต่ความว่างเปล่าฟ้าทึมๆ และวันเศร้าๆ ไม่คิดว่าจะมีวันนี้ได้เธอ เธอทั้งนั้นที่ทำ ให้ช่วงชีวิตของฉันน่าจดจำจนฉันได้เจอเธอขอบคุณสรวงสวรรค์ ให้เราได้เจอะกันขอบคุณคนๆ นั้น ที่ทำให้ฉันได้พบเธอขอบคุณทุกเรื่องราวต้นเหตุที่ในวันนี้ฉันนั้นได้เจอ เธอรู้ไหมว่ามันดียังไง และรู้ไหมว่าสุขใจเพียงใดรู้ไหมว่าชีวิตเก่าๆ ของฉันนั้นเปลี่ยนไปเท่าไหร่รู้ไหมว่าก่อนจะเจอเธอ รู้ไหมฉันเคยเป็นยังไงรู้ไหมการที่ได้เจอเธอ นั้นช่างยิ่งใหญ่สักเท่าไหร่เธอ เธอทั้งนั้นที่ทำ ให้ช่วงชีวิตของฉันน่าจดจำจนฉันได้เจอเธอขอบคุณสรวงสวรรค์ ให้เราได้เจอะกันขอบคุณคนๆ นั้น ที่ทำให้ฉันได้พบเธอขอบคุณทุกเรื่องราวต้นเหตุที่ในวันนี้ฉันนั้นได้เจอ เธอ ขอบคุณสรวงสวรรค์ ให้เราได้เจอะกันขอบคุณคนๆ นั้น ที่ทำให้ฉันได้พบเธอขอบคุณทุกเรื่องราวต้นเหตุที่ในวันนี้ฉันนั้นได้เจอ เธอ
รักที่เพิ่งผ่านพ้นไป,เคยนั่งตรงนี้เก้าอี้ตัวนี้ อยู่ข้างๆเธอเป็นที่ประจำ ที่เธอและฉันจะนัดกันเสมอแต่วันนี้ ที่เดิมตรงนี้ที่ฉันได้เจอ ทุกอย่างคงเดิมบรรยากาศเดิมๆ แต่ไม่มีเธอดนตรี นั้นเล่นอยู่ฟัง ฉันฟังอยู่แต่ว่าในใจนั้นเงียบงันมีแต่เสียงเพลงที่ว่างเปล่าจบลงแล้วความรักของเราไม่มีเขาเคียงข้างอีกแล้วไม่มีคืนวัน ที่สดใสดื่มให้ตัวเองอีกทีกับรักที่เพิ่งผ่าน พ้นไปฉากวันนั้น ยังจดยังจำแจ่มชัดในใจ ภาพวันนั้นที่เธอบอกลาฉันยังไม่เคยเลือนหายไปคำพูดวันนั้นที่เธอบอกกับฉันว่าเธอต้องไป เธอจับมือฉันและบอกให้เรายกโทษให้ได้ไหมดนตรี นั้นเล่นอยู่ฟัง ฉันฟังอยู่แต่ว่าในใจนั้นเงียบงันมีแต่เสียงเพลงที่ว่างเปล่าจบลงแล้วความรักของเราไม่มีเขาเคียงข้างอีกแล้วไม่มีคืนวัน ที่สดใสดื่มให้ตัวเองอีกทีกับรักที่เพิ่งผ่าน พ้นไปดนตรี นั้นเล่นอยู่ฟัง ฉันฟังอยู่แต่ว่าในใจนั้นเงียบงันมีแต่เสียงเพลงที่ว่างเปล่าจบลงแล้วความรักของเราไม่มีเขาเคียงข้างอีกแล้วไม่มีคืนวัน ที่สดใสดื่มให้ตัวเองอีกทีกับรักที่เพิ่งผ่าน พ้นไปมีแต่เสียงเพลงที่ว่างเปล่าจบลงแล้วความรักของเราไม่มีเขาเคียงข้างอีกแล้วไม่มีคืนวัน ที่สดใสดื่มให้ตัวเองอีกทีกับรักที่เพิ่งผ่าน พ้นไป
หยุด,ฉันนั่งยิ้มลำพัง หัวเราะลำพังสดชื่นกว่าทุกครั้ง ที่ผ่านมาตั้งแต่ได้พบกับเธอนั้นเรื่องจริง กับความฝันเกิดขึ้นด้วยกันทันตาฉันอยากจะหยุดเวลานี้ตั้งแต่วินาทีที่ชีวิตมีเธอ เข้ามาเธอทำให้คนที่เหนื่อยล้านั้นกล้า จะเปิดหัวใจหยุด หยุดชีวิตหยุดกับคนนี้แม้ว่าใครจะดีสักแค่ไหนหยุด หยุดความรักทั้งหัวใจจะหยุดอยู่กับเธอคนเดียวฉันนั้นรู้ทันที และรักทันทีเธอคือความโชคดี ที่เข้ามาตั้งแต่ได้พบกับเธอนั้นชีวิต เหมือนความฝันที่เกิดขึ้นตอนลืมตา
ต่อให้,มองเห็นเธอเจ็บปวด และต้องคอยเสียน้ำตาตัวฉันเองเจ็บกว่า เมื่อรู้ว่าเขาทำเธอร้องไห้ได้ยินเรื่องราว ที่เธอทุกข์ใจ เป็นคนให้เธอนั้นระบายกับความจริงที่ควรทำใจให้คุ้นเคยคอยเฝ้าดูห่างๆ คงไม่อาจก้าวเลยไปตอกย้ำให้ต้องเข้าใจ ว่าตัวเธอนั้นรักเขามากมายทำได้แค่เพียง ต้องเจียมหัวใจ ว่าอยู่ในสถานะใดกับตัวฉันที่ดูจะเป็นไปไม่ได้เป็นแค่ที่ปรึกษา ฉันรับฟังเธอได้ทุกอย่างเหลือแค่คำเดียวที่อยากฟังคำว่ารักจากปากเธอนั้น เหมือนฉันเคยได้ยินมาบ้างแต่ก็เป็นคำที่เธอไม่เคยหมายถึงฉันซะทีต่อให้อยู่ข้างฉัน เธอก็คงคิดถึงแค่เขาอยู่ดีต่อให้คนๆนี้มันรักเธอมากเท่าไรต่อให้คนอย่างฉันจะไม่มีวันทำเธอเสียใจก็ไม่อาจเปลี่ยนอะไร เพราะฉันคงแทนเขาไม่ไหวมีแค่เส้นบางๆ ที่ไม่อาจก้าวเลยไปใกล้ชิดกันเท่าไร ต้องห้ามใจไว้ไม่ให้ล่วงเกินอยากทำให้เธอ ไม่ต้องเสียใจ แต่ไม่ใช่หน้าที่ฉันเลยได้แต่ยอมมองดูเธอโดนทำร้ายเรื่อยมาต่อให้อยู่ข้างฉัน หัวใจเธอก็เป็นของเขาอยู่ดีต่อให้คนๆนี้มันรักเธอมากเท่าไรต่อให้คนอย่างเขาจะเป็นคนทำให้เธอเสียใจก็ไม่อาจเปลี่ยนอะไร ผิดที่ฉันไม่ใช่เขา ต้องจำเอาไว้
แหลก,ผ่านคืนวันที่เหมือนดั่งความฝัน เพราะฉันมีเธอคำบอกรักที่ฟังอยู่ทุกวัน ฉันเลยไม่เผื่อใจขนาดก้อนหินยังแหลกเป็นเม็ดทรายนับประสาอะไรกับหัวใจเช่นเธอตอนนี้ที่เปลี่ยนจากฉันไปฉันกำลังจะเสียเธอใช่ไหมไม่ทันได้เตรียมใจ เมื่อเห็นเธอเดินจากไปและตัวฉันคงทำได้ แค่เพียงต้องยอมรับความจริงได้แค่เกิดมาเป็นทั้งคนที่รักเธอ และคนที่เธอทิ้งคำบอกรักทุกวันที่ฉันนั้นเคยได้ยิน ไม่มีอีกแล้วและยังคงได้ยินแค่เพียง เสียงที่เธอนั้นร่ำลาที่แห่งเดิมที่ยังคงคุ้นตา แต่ไม่รู้จะเดินไปทางไหนขนาดก้อนหินยังแหลกเป็นเม็ดทรายนับประสาอะไรกับหัวใจเช่นเธอตอนนี้ที่เปลี่ยนจากฉันไปฉันกำลังจะเสียเธอใช่ไหม
บอกตัวเอง,รู้ว่าไม่มีหวัง ที่จะรั้งให้เธอกลับมา แต่ส่วนลึกในใจไม่รู้ทำไม เธอยังอยู่ข้างในนั้น แม้ว่าจบไปแล้วเนิ่นนานเท่าไร บอกตัวเองว่าเราต้องลืมเรื่องราวที่ผ่าน แม้ความจริงทรมานและไม่มีวันไหนไม่คิดถึงเธอ บอกตัวเองต้องมีสักวันรักคงจะเลือนไป แม้ความจริงในหัวใจ ยังไม่รู้ว่าจะลืมเธอได้อย่างไร เหลือแค่เพียงความหลัง กับฝันที่พังทลาย แต่ส่วนลึกในใจไม่รู้ทำไม เธอยังอยู่ในความคิด แม้ไม่มีสิทธ์จะคิดถึงเธอต่อไป บอกตัวเองว่าเราต้องลืมเรื่องราวที่ผ่าน แม้ความจริงทรมานและไม่มีวันไหนไม่คิดถึงเธอ บอกตัวเองต้องมีสักวันรักคงจะเลือนไป แม้ความจริงในหัวใจ ยังไม่รู้ว่าจะลืมเธอได้อย่างไร ทุกคืนและวันที่ผ่าน แม้จะเนิ่นนานเท่าไหร่ เรื่องราวของเธอและฉัน ยังไม่มีวันที่มันจะลบเลือนหมดไป
รักตัวเอง,อยากรู้ว่าเพราะอะไร คนที่น่ารักและก็จริงใจ ต้องเสียน้ำตาให้ใครที่เค้าไม่รัก และไม่สนใจ รู้ดีว่าเธอรักเขา และยังคงหวังว่าเขาจะเปลี่ยนไป เฝ้ารอนานสักแค่ไหน ไม่มีอะไรที่เขาจะเปลี่ยน ยังมั่นคงอดทนเรื่อยมาแต่ไม่มีความหมายกับเขาเลย ให้เขาหมดใจ เขานั้นยิ่งไม่สนใจแม้พยายามทุ่มเทชีวิตให้ไป ให้เขาหมดใจ แต่ไม่รู้ว่าเขาหมดใจ คงถึงเวลาต้องรักตัวเองสักที ปาดน้ำตาแล้วฟังฉัน คนที่เฝ้าดูเธอช้ำ เห็นทุกครั้ง ซ้ำแบบนั้น มันไม่โอเค หากเขาไม่รัก เธอควรหยุดพัก ทุ่มเทมากแค่ไหน เธอก็โดนเท เพราะเธอ ควรเจอคนที่ดีกว่า เพราะเธอ เป็นคนที่มีค่า แค่เธอ เก็บเอาหัวใจคืนมา กลับมาเพื่อรักตัวเอง
อย่าให้ฉันคิด,ได้ฟังเรื่องราวของเธอ กับความรักที่กำลัง จะจบลง คงมีแค่ความเป็นห่วง จากคนที่เป็นเพียงเพื่อน จะเหมาะสม แต่เหมือนว่าในบางครั้งที่เธอจ้องมองฉัน คล้ายว่าเธอจะต้องการเป็นมากกว่านั้น และฉันก็เป็นแค่เพื่อนคนหนึ่ง ซึ่งภายในใจ นั้นสับสนและยังมีคำถาม อยากจะรู้เพียง ถ้าไม่มีเขาแล้วเราจะรักกันไหม หรือแค่ตัวฉันคนเดียวที่คิดฝันไป จนไกลแสนไกล ว่าเธอนั้นให้ความหวัง อยากจะรู้แค่เพียง ถ้าจบกับเขาแล้วเราจะรักกันไหม อย่าปล่อยให้ฉันเฝ้ารอและคิดฝันไกล คนเดียวเรื่อยไป ถ้าเธอนั้นไม่ต้องการ อย่าให้ฉันคิดไปเอง อาจเป็นฉันที่คิดเกินไป อ่อนไหวเพราะเพียงแค่คำ ว่าใกล้ชิด ที่ปรึกษาแค่เพื่อนสนิท เธออาจไม่คิดมากเกินจนเลย ไปอย่างฉัน อย่าให้ฉันคิดไปเอง อยากจะรู้เพียง ถ้าไม่มีเขาแล้วเราจะ รักกันไหม
ชายคนหนึ่ง,เธอไม่ต้องกังวล เธอไม่ต้องเกรงใจ ความรักฉัน ที่ฝาก ไว้ เป็นเรื่องง่ายกว่านั้น ฉันเป็นเพียง ชายคนหนึ่ง ที่อยากดูแล ห่วงใยเธอ เท่านั้น ขอแค่เพียง ยังมีใคร ที่ห่วงใยกัน ไม่เคยต้องการ สิ่งใด ใจที่ฉันให้เธอ เธอก็แค่รับไป เธอไม่ต้อง มอบสิ่ง ไหน ตอบแทนมา ให้ฉัน ฉันเป็นเพียง ชายคนหนึ่ง ที่อยากดูแล ห่วงใยเธอ เท่านั้น ขอแค่เพียง ยังมีใคร ที่ห่วงใยกัน ไม่เคยต้องการ สิ่งใด ขอแค่เศษส่วนหนึ่ง จากใจ ของเธอ หากพอจะมี ให้ฉัน ขอแค่เพียง ยังมีใคร ที่ห่วงใยกัน ม่เคยต้องการ สิ่งใด ฉันเป็นเพียง ชายคนหนึ่ง ที่อยากดูแล ห่วงใยเธอ เท่านั้น ขอแค่เพียง ยังมีใคร ที่ห่วงใยกัน ไม่เคยต้องการ สิ่งใด ขอแค่เศษส่วนหนึ่ง จากใจ ของเธอ หากพอจะมี ให้ฉัน ขอแค่เพียง ยังมีใคร ที่ห่วงใยกัน ไม่เคยต้องการ สิ่งใด ขอแค่เพียง ยังมีใคร ที่ห่วงใยกัน ไม่เคยต้องการ สิ่งใด
ทั้งที่ผิดก็ยังรัก,เธอไม่ใช่คนที่ควรรักเลย เธอไม่ใช่คนที่ควรให้ใจ ไม่ใช่คนที่ควรคิดถึงและฝันใฝ่ เธอไม่ได้เป็นของฉัน และไม่ใช่คนที่ควรเผลอมอง ไม่ใช่คนที่ควรเผลอใจ ทุกเวลาที่เราสองคนนั้นได้ชิดใกล้ ก็บอกตัวเองทุกครั้ง ว่าอย่าไปรักเธอ อย่าทำหัวใจให้มันหวั่นไหว แต่ยิ่งห้ามเท่าไร ใจยิ่งไม่ยอมฟัง ทั้งที่ผิดก็ยังรัก ไม่เข้าใจ ก็ยังคิดถึงเรื่อยไป จะหยุดตัวเองเท่าไหร่ มันก็ทำไม่เคยไหว ยังอยากจะรัก ไม่เข้าใจ ก็ไม่รู้ว่าฉันต้องทำยังไง เก็บอาการเท่าไหร่ ยิ่งทรมานหัวใจตัวเอง ขึ้นทุกวัน ไม่อยากจะทำให้ใครเสียใจ ไม่อยากจะทำให้ใครแยกทาง ทั้งที่คนที่ควรคู่เธอและเคียงข้าง มันไม่ใช่คนอย่างฉัน ไม่อยากจะรักเธอ แต่หัวใจมันยังหวั่นไหว และยิ่งห้ามเท่าไร ใจยิ่งไม่ยอมฟัง ก็บอาการเท่าไร ยิ่งทรมานหัวใจ เหลือเกิน
พูดไม่ค่อยถูก,ฉันก็ไม่รู้ว่านานเท่าไหร่ และก็ไม่รู้มาไกลแค่ไหน บนทางที่เราสองคนเดินผ่านไป รู้แค่ว่า ฉันนั้นไม่เคยบอก รู้แค่ว่า ฉันนั้นไม่เคยหลอก ความรู้สึกนั้นถ้าจะบอก ไม่รู้ต้องพูดตอนไหน ไม่รู้ว่าต้องคบกันไปกี่ปี ต้องมีเรื่องราวดีๆ มากมายเท่าไหร่ ถึงจะควรพูดมันออกไป คำสั้นๆ คำเดียวนี้ ไม่รู้ว่าเธอนั้นรออยู่ไหม หรือจะปล่อยไปให้เป็นอย่างนี้ แต่คิดดูอีกทีเก็บไว้ก็ไม่ดี อาจจะพูดไม่ค่อยถูก พูดไม่ค่อยออก แต่จะบอกให้เธอได้ฟังเบื้องหลัง ทุกๆ อย่างที่เก็บอยู่ในหัวใจ สิ่งที่ฉันนั้นรู้สึกลึกถึงข้างใน รวมได้เป็นความหมายคำเดียวเท่านั้น วันนี้ฉันพร้อมให้เธอฟัง รออยู่ไหม อาจจะพูดไม่ค่อยถูก พูดไม่ค่อยออก แต่จะบอกให้เธอได้ฟังเบื้องหลัง ทุกๆ อย่างที่เก็บอยู่ในหัวใจ สิ่งที่ฉันนั้นรู้สึกลึกถึงข้างใน รวมได้เป็นความหมายคำเดียวเท่านั้น วันนี้ฉันพร้อมให้เธอฟัง คำว่ารักเธอ ไม่รู้ว่าต้องคบกันไปกี่ปี ต้องมีเรื่องราวดีๆ มากมายเท่าไหร่ ถึงจะควรพูดมันออกไป คำสั้นๆ คำเดียวนี้ ไม่รู้ว่าเธอนั้นรออยู่ไหม หรือจะปล่อยไปให้เป็นอย่างนี้ อาจจะพูดไม่ค่อยถูก พูดไม่ค่อยออก แต่จะบอกให้เธอได้ฟังเบื้องหลัง ทุกๆ อย่างที่เก็บอยู่ในหัวใจ สิ่งที่ฉันนั้นรู้สึกลึกถึงข้างใน รวมได้เป็นความหมายคำเดียวเท่านั้น วันนี้ฉันพร้อมให้เธอฟัง คำว่ารักเธอ คำว่ารักเธอ
พูดไม่ค่อยเก่ง,มีบางคำที่อยากบอกกับเธอ จิตใจบางคนที่เหม่อเพราะคิดถึงเธอ แต่ไม่รู้จะเริ่มต้นยังไง และไม่รู้ว่าเธอจะรังเกียจไหม ก็ยังเดาใจไม่ถูกอยากจะรู้ แต่ใครคนนึงรักเธอหมดทั้งหัวใจ อยากให้เค้าคนนั้นทำอะไร เพื่อให้เธอได้พอเข้าใจว่าฉันรักเธอ พูดไม่ค่อยเก่งแต่รักหมดใจ ถ้ารู้ว่าชอบอะไรจะหาให้เธอ พูดไม่ค่อยเก่งแต่ฉันรักเธอ อย่าปล่อยให้เผลอให้รักเธอข้างเดียว ก็ยังเดาใจไม่ถูกอยากจะรู้ แต่ใครคนนึงรักเธอหมดทั้งหัวใจ อยากให้ฉันคนนี้ทำอะไร เพื่อให้เธอได้พอเข้าใจว่าฉันรักเธอ พูดไม่ค่อยเก่งแต่รักหมดใจ ถ้ารู้ว่าชอบอะไรจะหาให้เธอ พูดไม่ค่อยเก่งแต่ฉันรักเธอ อย่าปล่อยให้เผลอให้รักเธอข้างเดียว อยากให้ฉันคนนี้ทำอะไร เพื่อให้เธอได้พอเข้าใจว่าฉันรักเธอ พูดไม่ค่อยเก่งแต่รักหมดใจ ถ้ารู้ว่าชอบอะไรจะหาให้เธอ พูดไม่ค่อยเก่งแต่ฉันรักเธอ อย่าปล่อยให้เผลอให้รักเธอข้างเดียว พูดไม่ค่อยเก่งแต่รักหมดใจ ถ้ารู้ว่าชอบอะไรจะหาให้เธอ พูดไม่ค่อยเก่งแต่ฉันรักเธอ อย่าปล่อยให้เผลอให้รักเธอข้างเดียว อย่าปล่อยให้เผลอให้ฉันรักเธอข้างเดียว
ขอเป็นตัวเลือก,เผื่อใจไว้ก่อน อย่าเพิ่งทุ่มเทให้ฉันเลย ฉันแอบตกเป็นจำเลย เรื่องทำเธอเสียใจ หากไม่เป็นดั่งเธอหวัง ที่ตั้งใจวาดเอาไว้ สุดท้ายคงต้องกลาย เป็นผู้ร้ายทำลายเธอ อยากทำเพื่อเธอ อยากเป็นดั่งคนที่เธอหวัง แต่ว่าใจฉันยังหวั่น หวั่นทำเธอคอยเก้อ กับใจเธอที่ให้ฉัน มันมากมายซะล้นเอ่อ ยิ่งมากก็ยิ่งกลัว เผื่อใจเอาไว้ก่อน เธอยังไม่สาย ให้โอกาสใจ เธอลองมองใครนอกจากฉัน ขอยอมเป็นหนึ่ง ในตัวเลือกของคนที่เธอฝัน เพียงแค่นั้นก่อน อย่าทุ่มความสำคัญ ทนรอซักหน่อย ปล่อยให้เวลาบอกหัวใจ ฉันคนนี้ที่เป็นไป ใช่ไหมที่ต้องการ ให้ความรักเป็นหนังสือ เพียงแค่เธอค่อยๆอ่าน ค้นหาใจของเธอ เจ็บคงมีที่เพียงฉันและเธอ แต่เพื่อแลกกับคำตอบ ตีกรอบให้เธอได้เจอคนที่ดี ให้ความรักเป็นหนังสือ เพียงแค่เธอค่อยๆอ่าน ค้นหาใจของเธอ
บอกสักคำ,ปลอบใจตัวเองว่าไม่เป็นไรไม่เป็นอะไร ข่มใจเอาไว้ไม่ให้น้ำตามันไหลออกมา แค่เธอจะไปแค่เธอต้องการขอเลิกลา แกล้งยิ้มออกมาแกล้งทำว่าฉันไม่เป็นอะไร ได้เพียงยืนมองเธอกับเขา ที่กำลังจะจากฉันไป ไม่มีคำพูดจาใดๆไม่มีเหตุผล เธอเดินจากกันไปช้าๆ ไม่มีแม้แต่คำร่ำลา ไม่มีคำพูดจาเลยซักคำ แค่เธอบอกว่ารักซักคำจะได้ไหม หรือช่วยพูดอะไรที่พอจะทำให้รู้สึกดี หรือเธอพูดมาเลยว่าไม่รักว่ารำคาญก็ยังดี ดีกว่าเฉยไปอย่างนี้แล้วก็ทิ้งไป กับวันเวลาที่มีให้เธอทั้งดวงใจ หมดแล้วใช่ไหมแค่เพียงเวลาแค่เสี้ยวนาที จบความทรงจำลบการกระทำฝังใจดีๆ จากไปวันนี้ถ้อยคำดีๆไม่มีสักคำ หรือเธอพูดมาเลยว่าไม่รัก เธอรำคาญฉันเต็มที ดีกว่าเฉยไปอย่างนี้ให้มันค้างคา
